{"DICE": 0.5865070819854736, "Labelwise_DICE": [0.9878277778625488, 0.9229612946510315, 0.9199011921882629, 1.0723860688344189e-10, 0.6878529787063599, 0.0004992163740098476], "IOU": 0.5348405241966248, "Labelwise_IOU": [0.9759483337402344, 0.8569434881210327, 0.8516824245452881, 1.0723860688344189e-10, 0.5242194533348083, 0.0002496704983059317]}