{"DICE": 0.6845815181732178, "Labelwise_DICE": [0.9918220043182373, 0.9374443888664246, 0.9330947399139404, 0.0625411719083786, 0.7259447574615479, 0.45664191246032715], "IOU": 0.6064263582229614, "Labelwise_IOU": [0.9837767481803894, 0.882254421710968, 0.8745807409286499, 0.03227999806404114, 0.5697906613349915, 0.29587551951408386]}