{"DICE": 0.4923681318759918, "Labelwise_DICE": [0.9781057238578796, 0.8240866661071777, 0.7286831736564636, 1.0723860688344189e-10, 0.42302006483078003, 0.00031306524761021137], "IOU": 0.4165884554386139, "Labelwise_IOU": [0.9571496248245239, 0.7008056044578552, 0.5731720328330994, 1.0723860688344189e-10, 0.26824694871902466, 0.00015655714378226548]}