{"DICE": 0.49591222405433655, "Labelwise_DICE": [0.9863783717155457, 0.7789784669876099, 0.7207280993461609, 1.0723860688344189e-10, 0.4863726496696472, 0.003015778260305524], "IOU": 0.41622069478034973, "Labelwise_IOU": [0.9731228351593018, 0.6379727721214294, 0.5633893013000488, 1.0723860688344189e-10, 0.3213292062282562, 0.0015101663302630186]}