{"DICE": 0.5843039751052856, "Labelwise_DICE": [0.9896056652069092, 0.9258663654327393, 0.9145131707191467, 1.0723860688344189e-10, 0.6757000088691711, 0.00013865059008821845], "IOU": 0.5323638916015625, "Labelwise_IOU": [0.9794251322746277, 0.8619657754898071, 0.8424913287162781, 1.0723860688344189e-10, 0.5102317929267883, 6.93301044520922e-05]}