{"DICE": 0.4696318805217743, "Labelwise_DICE": [0.9473384022712708, 0.6392711997032166, 0.6317764520645142, 0.02284419722855091, 0.2660110294818878, 0.310549795627594], "IOU": 0.36337947845458984, "Labelwise_IOU": [0.899945855140686, 0.4698006212711334, 0.46174943447113037, 0.011554070748388767, 0.15340986847877502, 0.1838170737028122]}