{"DICE": 0.438907653093338, "Labelwise_DICE": [0.9737944006919861, 0.6241923570632935, 0.6105153560638428, 1.0723860688344189e-10, 0.32048460841178894, 0.10445929318666458], "IOU": 0.3479881286621094, "Labelwise_IOU": [0.9489271640777588, 0.4536915719509125, 0.4393825829029083, 1.0723860688344189e-10, 0.19081969559192657, 0.05510791391134262]}