{"DICE": 0.5169469118118286, "Labelwise_DICE": [0.9826539754867554, 0.8541227579116821, 0.7980374693870544, 1.0723860688344189e-10, 0.4666827619075775, 0.00018455930694472045], "IOU": 0.4466143846511841, "Labelwise_IOU": [0.9658994078636169, 0.7453876733779907, 0.6639453768730164, 1.0723860688344189e-10, 0.3043615221977234, 9.228818089468405e-05]}