{"DICE": 0.6091770529747009, "Labelwise_DICE": [0.9899652600288391, 0.9234424829483032, 0.9211318492889404, 1.0723860688344189e-10, 0.7017892599105835, 0.1187334805727005], "IOU": 0.5492323040962219, "Labelwise_IOU": [0.9801299571990967, 0.8577734231948853, 0.8537946939468384, 1.0723860688344189e-10, 0.5405819416046143, 0.06311359256505966]}