{"DICE": 0.5903506875038147, "Labelwise_DICE": [0.9888722896575928, 0.9289248585700989, 0.9169334173202515, 1.0723860688344189e-10, 0.6711863875389099, 0.03618691861629486], "IOU": 0.5359016060829163, "Labelwise_IOU": [0.9779895544052124, 0.8672826290130615, 0.846608579158783, 1.0723860688344189e-10, 0.5051019191741943, 0.018426865339279175]}