{"DICE": 0.5837069153785706, "Labelwise_DICE": [0.9876542091369629, 0.92372727394104, 0.9145964980125427, 1.0723860688344189e-10, 0.6742940545082092, 0.0019694047514349222], "IOU": 0.53102046251297, "Labelwise_IOU": [0.975609540939331, 0.8582649827003479, 0.8426326513290405, 1.0723860688344189e-10, 0.5086302161216736, 0.0009856729302555323]}