{"DICE": 0.48487672209739685, "Labelwise_DICE": [0.983616828918457, 0.7299885153770447, 0.7038977742195129, 1.0723860688344189e-10, 0.4716973602771759, 0.020059898495674133], "IOU": 0.4007352888584137, "Labelwise_IOU": [0.967761754989624, 0.5747889280319214, 0.5430881381034851, 1.0723860688344189e-10, 0.30864134430885315, 0.01013156771659851]}